Subject,median_pupil_size_1,median_pupil_size_3,max_pupil_contraction_rate_2,median_pupil_contraction_rate_4,median_pupil_contraction_rate_8,median_pupil_dilation_rate_4,median_pupil_dilation_rate_8,mean_reaction_time_1,median_reaction_time_1
1,0.1652085530959615,0.2322702506385614,-4.4408271171469955e-08,-0.0006994354755758,-0.0009202662646605,0.0008942304167947,0.0011638422357282,1094.7894736842106,1034.0
2,0.0577520837885864,0.0664950487673506,-1.3295314849059992e-09,-0.0005892979419333,-0.0005518588383844,0.0007872553870437,0.0007972914121561,995.2666666666668,947.0
3,0.1932616158233331,0.2491721126231709,-3.673198480103057e-08,-0.0006382673807458,-0.0007586789552565,0.000798724497824,0.0007866113374075,650.45,637.5
4,0.2810805301071752,0.2473441843441947,-1.810035787919162e-09,-0.0005876612184262,-0.000383556345189,0.0008333940161849,0.000778448499604,839.9444444444445,836.5
5,0.0237852532591558,0.0201476732437045,-1.6484169085284606e-08,-0.0004076134599882,-0.0004504111419111,0.0008285609640317,0.0009164020976693,802.15,809.0
6,0.077447264364351,0.1773771485121968,-3.5053211999702683e-09,-0.0004165123456045,-0.0005266713268112,0.0006532112393752,0.000759939407009,989.0,974.5
7,0.1260481419036013,0.1008720829780025,-3.1059304905767255e-08,-0.0005901377131491,-0.0005051295163385,0.0008160771206188,0.0008772408111569,984.8823529411764,948.0
8,0.2250283543157578,0.250599053158687,-5.136617298173718e-09,-0.0008386942823616,-0.0004464765115067,0.0009867570829293,0.0006751715414587,795.2631578947369,775.0
9,0.1376347775897391,0.1595186865001729,-7.196684009835863e-08,-0.0006656445879409,-0.0004083844362722,0.000768213504799,0.0007769197116337,761.421052631579,751.0
10,0.2543571926641018,0.2787549498583856,-1.1986354714332847e-08,-0.0008404463375197,-0.0010085719840893,0.0009220743774689,0.0010794069903087,745.2222222222222,711.0
11,0.216812058990406,0.1460612469064458,-3.4824688799339754e-08,-0.000494518635569,-0.0003606378409701,0.0008105254309175,0.0006155942101073,701.1111111111111,586.0
12,0.216785947840262,0.28623293486514,-7.247831060319676e-08,-0.0005951252568071,-0.0008572043820525,0.0009983121045867,0.0009302223679559,499.8333333333333,464.0
13,0.1453835484573998,0.2303946428920191,-1.1252869769329267e-07,-0.0006371241490577,-0.0006977151599924,0.0007532505627079,0.0007381326133118,841.5882352941177,819.0
14,0.2347027331479804,0.2623681058773143,-8.595456457705097e-09,-0.0010037347609943,-0.0006426792138967,0.0008192135321342,0.0008065566451972,773.6666666666666,884.0
15,0.2438025080546543,0.234352886700854,-4.7734775410202e-08,-0.0008299273725785,-0.0005447664344579,0.0008758070495132,0.0008843946309051,766.75,762.5
16,0.249703356872958,0.1814773840043039,-1.737475996410609e-08,-0.000678978669782,-0.0007651956412202,0.0007507641564278,0.000878518995071,769.2631578947369,672.0
17,0.1407122763954459,0.0798418057517628,-5.994388010965856e-08,-0.0008987666650107,-0.0005972231961085,0.0014460466100158,0.0006356872501639,730.7,722.0
18,0.1326456723634954,0.2746261541772244,-1.2421964984410392e-09,-0.0006228755706047,-0.000509896210267,0.0009178810136065,0.0008136233277254,974.0,954.0
19,0.1877980055244129,0.2091857605849146,-1.6850516981747887e-08,-0.0005548216781405,-0.0007762017493154,0.0007718455986225,0.0007666721463059,922.9375,988.0
20,0.1315039087859738,0.1799104302749726,-3.762016476116514e-08,-0.0006441712922462,-0.0006806065752543,0.0009470634985863,0.0010633305934742,748.25,743.5
21,0.1857360531903438,0.1561751439827582,-2.8167043808480233e-08,-0.0005191129198977,-0.0009824320637384,0.0005326140613992,0.0010809444503552,661.4615384615385,625.0
22,0.1830470988650041,0.2263613724499727,-4.1863121247320834e-08,-0.0004447743878637,-0.0009003732511662,0.0007291706150999,0.0009605847611546,898.0,859.0
23,0.2368994175636718,0.135988792647515,-8.478336921413642e-10,-0.0003688866312935,-0.0002895814519845,0.0007096454287085,0.0006310835645775,603.8888888888889,461.5
24,0.1923438820872907,0.2249303428683989,-4.8528699725380875e-08,-0.0005144213709817,-0.000614536743155,0.00071831308479,0.0007251395285867,874.578947368421,879.0
25,0.3397946134906993,0.2293716704519353,-3.7980714351348865e-08,-0.0008752077830935,-0.0007110707494482,0.0011481004692161,0.001103067354757,914.75,888.0
26,0.1465208054223987,0.1483193193215458,-1.3483787600354624e-08,-0.0014730391319053,-0.0005435016807475,0.0012527997805356,0.0008641643512923,970.65,980.0
27,0.2895207336912944,0.1390903362186585,-1.7253514172921312e-09,-0.0004580150660466,-0.0005364507059684,0.0006697372108133,0.000744700619874,646.4117647058823,456.0
28,0.295048057025924,0.2778795208652185,-5.007387282596198e-09,-0.0012694179920217,-0.0007115409370313,0.0015161329935653,0.001105359726792,945.7,886.0
29,0.2381129083829219,0.1959679263290626,-1.3530768727676443e-09,-0.0010937400263313,-0.0010319441008771,0.0012304252672907,0.0010360370032486,718.4444444444445,681.0
30,0.0636178522222388,0.045433527403742,-4.7633483823972256e-09,-0.0006490543043214,-0.0009328593972116,0.0010512497690993,0.0012391707122538,1146.5,1115.0
31,0.2188398019876921,0.2234266569023749,-6.163254018254349e-09,-0.0011163759761238,-0.0005972236177826,0.0008668738964017,0.0008678879504734,869.15,837.5
32,0.0778148788047782,0.0381541718162066,-7.613778191251086e-09,-0.0004627202514274,-0.0005144824406942,0.0008842100912392,0.0008599510621317,920.0,911.5
33,0.1371948018943135,0.1457980285991945,-1.69411247252782e-08,-0.0003848779802885,-0.0004640980571471,0.0007921106531472,0.0008208838146414,708.0,653.5
34,0.2426474961068513,0.1695101241513384,-5.0699488163274964e-08,-0.001429799835149,-0.0009031250239126,0.0014040431106723,0.0013597890197468,984.9285714285714,1001.0
35,0.2185069728223202,0.2566017753959768,-2.562195379474108e-08,-0.0005805376320398,-0.0008903810768795,0.0009986037655411,0.001011051797627,447.57142857142856,429.0
36,0.0624889926310872,0.0674243742851271,-1.40707734908041e-08,-0.0007760089783308,-0.0008185514969549,0.0010719622541048,0.0010144460112329,971.6315789473684,988.0
37,0.1581261681539502,0.1809272613829578,-3.30854683650017e-08,-0.0005779470874796,-0.0005692443943495,0.0007962267428244,0.0008800615950772,941.25,915.5
38,0.3002995508087423,0.3435941320465011,-7.070351790150475e-09,-0.0010962029760257,-0.0008695254046628,0.001021306716685,0.0010782171253032,1083.9473684210527,1151.0
39,0.2421613427619795,0.2294218476960989,-2.0380795939800574e-09,-0.00050765835353,-0.0004392215599603,0.0006080819723766,0.0008542436264694,1000.1111111111112,954.0
40,0.1897835787036754,0.1845160416720161,-2.3689941501536804e-08,-0.0006135571558886,-0.0005670559721502,0.0009239251855879,0.0007773681961195,878.85,906.5
41,0.2158731127669536,0.2275851339807644,-7.560395920425123e-09,-0.0003918578744084,-0.0003735740059728,0.0006682781240016,0.0007007221138965,573.4736842105264,508.0
42,0.2266555783425691,0.1719999986963212,-1.4222739899011351e-08,-0.0007130353476001,-0.0009228220966838,0.0010336460943255,0.0009746307778774,329.1666666666667,305.0
43,0.1813634472007919,0.1417446653294156,-1.229827906179537e-09,-0.0004148165845596,-0.0004221342637353,0.0007352436937827,0.0009023915859358,1023.0,984.5
44,0.1786504054090129,0.2945335368711019,-5.719661688718958e-09,-0.000934082271557,-0.0007469666575563,0.0013649121296105,0.0010517784784519,1053.1052631578948,995.0
45,0.2709348957630227,0.1804091031597231,-1.1272564899751649e-08,-0.000557308031065,-0.0006746191017606,0.0005879027252899,0.0007058729925897,987.8125,1029.0
46,0.1301592396507344,0.2066968694211124,-3.6982609197266925e-09,-0.0006816512921843,-0.0006833442788309,0.0006899647725613,0.0007459987546704,910.0625,992.5
47,0.2413159818362251,0.2444677830350822,-2.676994903527685e-09,-0.0004429669655449,-0.0004740865023987,0.0006091650651202,0.0005923198586242,947.35,941.5
48,0.062500126566095,0.1665608112136288,-1.531569593371529e-09,-0.0006275127594939,-0.0005884964578774,0.0007173366260986,0.0007870958943597,1096.4444444444443,1108.5
49,0.069247191953714,0.0898676202483287,-1.1465078886274682e-08,-0.0004619234622514,-0.000596345524143,0.0007961248598344,0.0008024549097818,1024.8235294117646,979.0
50,0.1443624165420557,0.230717324151374,-1.204569360924168e-08,-0.000625991886115,-0.0004492492094395,0.0008236705789723,0.0008726413569221,734.1,705.0
51,0.2171784532662622,0.2141197261227858,-1.0621583002023982e-08,-0.0006922572856605,-0.0006911022918774,0.0010731297753592,0.000905722326962,814.95,768.0
53,0.1323544222240924,0.1631406583578804,-6.42589106925051e-10,-0.000313082623553,-0.000583624503869,0.0008302525748538,0.0008626686267406,1000.1176470588236,976.0
54,0.0692857856214587,0.1194260310126165,-2.958780997985855e-10,-0.0005403986928741,-0.0004409037421022,0.0007424033111516,0.0006244356517197,989.55,984.0
55,0.1547072481253598,0.0957365628699775,-5.802217040162816e-10,-0.0003736977851948,-0.0003618928945851,0.0006554113816082,0.0005400594385312,953.3333333333334,929.5
56,0.1598881048351499,0.1460299505697819,-3.6502292299900323e-09,-0.0004173944167064,-0.0004696270052675,0.0007493419810751,0.0007690886681912,862.6842105263158,809.0
57,0.2439639889361819,0.1857177393364559,-2.1028698005132185e-08,-0.0004455340688091,-0.0006319677523966,0.0008616499921205,0.0010895989211833,858.0,865.0
58,0.0955162896076053,0.1425456777434364,-1.4903880400651826e-08,-0.0006228979467862,-0.0006708899185278,0.0008757818300751,0.0010593850090501,692.7368421052631,695.0
59,0.0766791577380212,0.1419858852394267,-4.615642201777348e-09,-0.0005346398434803,-0.0004467612320378,0.0007876262404217,0.0007133880353348,871.5,842.5
60,0.1394843321389204,0.1530389339738962,-2.0699788438882652e-08,-0.0005084699737223,-0.0005466273897748,0.0006184436792537,0.0006297866415079,958.2857142857144,997.5
61,0.1307486213421293,0.0655874164080188,-1.0926116900122906e-08,-0.0006994005560634,-0.0003701806937931,0.0009744367566141,0.0008935880160546,1035.7894736842106,1022.0
62,0.177402339311987,-0.1309985205237487,-2.494655815254987e-09,-0.0006507136873311,-0.0005502718904263,0.0005994893213839,0.0008176838760282,874.7,784.0
63,0.1574106954723349,0.1468081629750815,-2.4080045291086097e-08,-0.000522479748584,-0.000414807860134,0.0005763255899984,0.0006034056307669,840.3333333333334,810.0
64,0.2039482416256047,0.211852679132894,-3.739008835879076e-08,-0.0006602000232032,-0.0008851131608434,0.0009164985801568,0.000764912099654,833.9473684210526,799.0
65,0.0908587751347198,0.1586363784373274,-9.706765169426036e-09,-0.0004575267962278,-0.0005252834641027,0.0006930540212957,0.0008675971762758,845.4736842105264,862.0
66,0.2213279845115242,0.2042775359208219,-2.0245618292946688e-08,-0.0008937050823176,-0.0006808311372874,0.0010789425884322,0.0009745909275256,1002.75,955.5
67,0.1291799163864419,0.1388963423817985,-8.660270889304655e-09,-0.0005346503142541,-0.0005713477494368,0.0008153088604743,0.0008600418393184,986.5555555555557,932.5
